{
  "mission_id": "envisat",
  "reference_id": "smallsat_700km_sso",
  "raw_scores": {
    "terrestrial": {
      "raw_score": 40.422646493260686,
      "by_impact_category": {
        "Ecotoxicity freshwater (organics)": 2344.4390878039308,
        "Ecotoxicity freshwater (inorganics)": 455.7345502710002,
        "Ionising radiation (human health)": 248627.68700000012,
        "Ozone depletion": 0.0,
        "Eutrophication marine": 298.77711670460025,
        "Eutrophication terrestrial": 3314.2076153985026,
        "Acidification": 1713.2890515510014,
        "Photochemical ozone formation (human health)": 1096.7645801147507,
        "Particulate matter": 0.03595375419958252,
        "Eutrophication freshwater": 0.0,
        "Land use": 44777.81754741002,
        "Water use": 892719.4308150003,
        "Resource use minerals and metals": 2.679569148591064,
        "Resource use fossils": 0.0,
        "Human toxicity cancer (organics)": 0.0,
        "Human toxicity non-cancer (inorganics)": 4.4963187068100027e-08,
        "Human toxicity non-cancer (organics)": 3.9792053808057464e-05,
        "Climate change (fossil)": 641946.4959533504,
        "Human toxicity non-cancer": 3.983701699512557e-05,
        "Climate change (biogenic)": 0.0,
        "Climate change": 641946.4959533504,
        "Human toxicity cancer": 0.0,
        "Climate change (land use)": 0.0,
        "Ecotoxicity freshwater": 2800.1736380749308,
        "Human toxicity cancer (inorganics)": 0.0
      },
      "by_lifecycle_tier": {
        "manufacturing+AIT": 40.422646493260686
      },
      "source": "ef31"
    },
    "atmospheric": {
      "raw_score": 754420.533075,
      "by_species": {
        "NOx": 1982.457375,
        "Al2O3": 491294.4528,
        "BC": 80.62290000000002,
        "H2O": 43335.0,
        "HCl": 217728.0
      },
      "by_phase": {
        "launch": 748920.6,
        "reentry": 5499.933075
      }
    },
    "orbital": {
      "raw_score": 2000.076207341,
      "DGP": 903.186,
      "CC": 0.005957341,
      "MC": 1096.88425,
      "breakdown_pct": {
        "DGP": 97.88800878200192,
        "CC": 0.26098028134961915,
        "MC": 1.8510109366484715
      },
      "normalised_subscores": {
        "DGP": 903.186,
        "CC": 2.4079939854121992,
        "MC": 17.078773841961855
      }
    }
  },
  "reference_raw_scores": {
    "terrestrial": 1.9797332816077169,
    "atmospheric": 1985.9875,
    "orbital": 65.22747398499999
  },
  "reference_subscores_orbital": {
    "DGP": 1.0,
    "CC": 0.002473985,
    "MC": 64.225
  },
  "ssci": {
    "scores_norm": {
      "terrestrial": 20.418228490069104,
      "atmospheric": 379.8717429364485,
      "orbital": 307.5575892757914
    },
    "SSCI_linear_equal": 235.9491869007697,
    "SSCI_linear_expert": 264.69841054362365,
    "SSCI_risk": 133.61662537512476
  },
  "sensitivity_dirichlet_10k": {
    "mean": 234.77087047665975,
    "median": 246.38784976554825,
    "p05": 93.12412159048665,
    "p25": 179.1847967807011,
    "p75": 297.61612133269597,
    "p95": 343.7260169033521,
    "min": 24.060602718251637,
    "max": 378.94409274682283
  }
}